Sign,Reference,,,,,,,
0,Numbers 0 to 10 | Indian Sign Language (ISL),,,,,,,
1,https://www.youtube.com/watch?v=AGIYcP5ZZEs&list=PLbP8GJBZGz6kWwilBpnEGq3hbnvcz-LBS,,,,,,,
2,https://www.youtube.com/watch?v=6QlKyTMbWk8&list=PLbP8GJBZGz6kWwilBpnEGq3hbnvcz-LBS&index=2,,,,,,,
3,https://www.youtube.com/watch?v=J-eI13Mb2I4&list=PLbP8GJBZGz6kWwilBpnEGq3hbnvcz-LBS&index=4,,,,,,,
4,https://www.youtube.com/watch?v=tUCzNHr4ss4&list=PLbP8GJBZGz6kWwilBpnEGq3hbnvcz-LBS&index=4,,,,,,,
5,https://www.youtube.com/watch?v=hPlCfCiKAKM&list=PLbP8GJBZGz6kWwilBpnEGq3hbnvcz-LBS&index=5,,,,,,,
6,https://www.youtube.com/watch?v=e3sO3I5qLbE&list=PLbP8GJBZGz6kWwilBpnEGq3hbnvcz-LBS&index=6,,,,,,,
7,https://www.youtube.com/watch?v=Dwyrc3m42KU&list=PLbP8GJBZGz6kWwilBpnEGq3hbnvcz-LBS&index=7,,,,,,,
8,https://www.youtube.com/watch?v=jt_0jU6Ffn4&list=PLbP8GJBZGz6kWwilBpnEGq3hbnvcz-LBS&index=8,,,,,,,
9,https://www.youtube.com/watch?v=vasMN31CpBg&list=PLbP8GJBZGz6kWwilBpnEGq3hbnvcz-LBS&index=9,,,,,,,
A,https://www.youtube.com/watch?v=sbENF6dw2FM&list=PLbP8GJBZGz6ma7NoM6fBZTX1EuARjz-t9,,,,,,,
B,https://www.youtube.com/watch?v=Rsh6owLfK-0&list=PLbP8GJBZGz6ma7NoM6fBZTX1EuARjz-t9&index=2,,,,,,,
C,https://www.youtube.com/watch?v=VKDLX022tk4&list=PLbP8GJBZGz6ma7NoM6fBZTX1EuARjz-t9&index=3,,,,,,,
D,https://www.youtube.com/watch?v=NrahweIKAT8&list=PLbP8GJBZGz6ma7NoM6fBZTX1EuARjz-t9&index=4,,,,,,,
E,https://www.youtube.com/watch?v=ekXIzeWw2Dc&list=PLbP8GJBZGz6ma7NoM6fBZTX1EuARjz-t9&index=5,,,,,,,
F,https://www.youtube.com/watch?v=YhtvDkwCmzE&list=PLbP8GJBZGz6ma7NoM6fBZTX1EuARjz-t9&index=6,,,,,,,
G,https://www.youtube.com/watch?v=QoTgGuVKl_I&list=PLbP8GJBZGz6ma7NoM6fBZTX1EuARjz-t9&index=7,,,,,,,
H,https://www.youtube.com/watch?v=9iMVdprykP8&list=PLbP8GJBZGz6ma7NoM6fBZTX1EuARjz-t9&index=8,,,,,,,
I,https://www.youtube.com/watch?v=ESSEjdwFS4Q&list=PLbP8GJBZGz6ma7NoM6fBZTX1EuARjz-t9&index=9,,,,,,,
J,https://www.youtube.com/watch?v=9TAj9ZySisY&list=PLbP8GJBZGz6ma7NoM6fBZTX1EuARjz-t9&index=10,,,,,,,
K,https://www.youtube.com/watch?v=YixYZEvNBIM&list=PLbP8GJBZGz6ma7NoM6fBZTX1EuARjz-t9&index=11,,,,,,,
L,https://www.youtube.com/watch?v=ACIjqFAFPMk&list=PLbP8GJBZGz6ma7NoM6fBZTX1EuARjz-t9&index=12,,,,,,,
M,https://www.youtube.com/watch?v=ry2Oj1y18Lg&list=PLbP8GJBZGz6ma7NoM6fBZTX1EuARjz-t9&index=13,,,,,,,
N,https://www.youtube.com/watch?v=Bk1el7o9qcY&list=PLbP8GJBZGz6ma7NoM6fBZTX1EuARjz-t9&index=14,,,,,,,
O,https://www.youtube.com/watch?v=_pvH3mYhWTY&list=PLbP8GJBZGz6ma7NoM6fBZTX1EuARjz-t9&index=15,,,,,,,similar to 0
P,https://www.youtube.com/watch?v=fpHlVco86sA&list=PLbP8GJBZGz6ma7NoM6fBZTX1EuARjz-t9&index=16,,,,,,,
Q,https://www.youtube.com/watch?v=fpHlVco86sA&list=PLbP8GJBZGz6ma7NoM6fBZTX1EuARjz-t9&index=16,,,,,,,
R,https://www.youtube.com/watch?v=8RPYFcUjWv4&list=PLbP8GJBZGz6ma7NoM6fBZTX1EuARjz-t9&index=18,,,,,,,
S,https://www.youtube.com/watch?v=ly6wa3qq7HI&list=PLbP8GJBZGz6ma7NoM6fBZTX1EuARjz-t9&index=19,,,,,,,
T,https://www.youtube.com/watch?v=poFmr5tob7I&list=PLbP8GJBZGz6ma7NoM6fBZTX1EuARjz-t9&index=20,,,,,,,
U,https://www.youtube.com/watch?v=poFmr5tob7I&list=PLbP8GJBZGz6ma7NoM6fBZTX1EuARjz-t9&index=20,,,,,,,
V,https://www.youtube.com/watch?v=lla8q5nCbgI&list=PLbP8GJBZGz6ma7NoM6fBZTX1EuARjz-t9&index=22,,,,,,,similar to 2
W,https://www.youtube.com/watch?v=IqnH7H46KNk&list=PLbP8GJBZGz6ma7NoM6fBZTX1EuARjz-t9&index=23,,,,,,,
X,https://www.youtube.com/watch?v=Lej2hAybHEI&list=PLbP8GJBZGz6ma7NoM6fBZTX1EuARjz-t9&index=24,,,,,,,
Y,https://www.youtube.com/watch?v=d9tBwbvcZ1A&list=PLbP8GJBZGz6ma7NoM6fBZTX1EuARjz-t9&index=25,,,,,,,
Z,https://www.youtube.com/watch?v=R-ycf2OpC1I&list=PLbP8GJBZGz6ma7NoM6fBZTX1EuARjz-t9&index=26,,,,,,,
hello,https://youtu.be/VtbYvVDItvg?si=snfcCIcmPTirbdZj&t=94,,,,,,,
Indian/India,https://youtu.be/VtbYvVDItvg?si=JaGbw9LF4DS76U6X,,,,,,,
sign,https://youtu.be/VtbYvVDItvg?si=CUwactNEuoayhnBM,,,,,,,
language,https://youtu.be/VtbYvVDItvg?si=JxTUkpOru-6kMU6-&t=127,,,,,,,
bye,https://youtu.be/VtbYvVDItvg?si=_SIJ5Vk2utAQ_BEE&t=139,,,,,,,
He,https://www.youtube.com/watch?v=nCAmVmlQIZ4,,,,,,,
Her,https://www.youtube.com/watch?v=9AbdorkWSH4,,,,,,,
Herself,https://www.youtube.com/watch?v=qElHzfz8-PE,,,,,,,
Him,https://www.youtube.com/watch?v=IgKo3xk2U7E,,,,,,,
Himself,https://www.youtube.com/watch?v=RacwSF_hINM,,,,,,,
His,https://www.youtube.com/watch?v=ZJRKmuNOiA0,,,,,,,
I,https://www.youtube.com/watch?v=Xo4aMJNRbyA,,,,,,,
It,https://www.youtube.com/watch?v=HTNEb8J2IEQ,,,,,,,
Itself,https://www.youtube.com/watch?v=UCtnIoDrXsU,,,,,,,
Me,https://www.youtube.com/watch?v=KblWO7deaW8,,,,,,,
My,https://www.youtube.com/watch?v=vHOMolMUC-8,,,,,,,
Myself,https://www.youtube.com/watch?v=gdoH5TuKRps,,,,,,,
Our,https://www.youtube.com/watch?v=KJirEqr7v2Q,,,,,,,
Ourselves,https://www.youtube.com/watch?v=jJQ1KWtwiTw,,,,,,,
She,https://www.youtube.com/watch?v=TbEJ0xnmUcg,,,,,,,
Them,https://www.youtube.com/watch?v=_MOmHzbvsYA,,,,,,,
Yourself,https://www.youtube.com/watch?v=2WPnjNQWNQc,,,,,,,
Your,https://www.youtube.com/watch?v=uyJR6iMm6wM,,,,,,,
You,https://www.youtube.com/watch?v=xQ69HkYzz7E,,,,,,,
We,https://www.youtube.com/watch?v=bVtv7TeKy2I,,,,,,,
They,https://www.youtube.com/watch?v=rOLqagZYXFk,,,,,,,
Night,https://youtu.be/RxN6t3Di31k?si=hVdktSoOhpivWRu8&t=3,,,,,,,
Morning,https://youtu.be/lDl97M6jYUM?si=9vUH-ZZ5M4WIYXZ5&t=3,,,,,,,
Evening,https://www.youtube.com/watch?v=fFz2THL8EXk,,,,similar to night,,,
Afternoon,https://youtu.be/vKioZH72HYw?si=362ZbGqXmkSJDvAW&t=3,,,,,,,
Wear,https://www.youtube.com/watch?v=aixPqepimG8,,,,,,,
Walk,https://www.youtube.com/watch?v=CJLJlZ6kMFE,,,,,,,
Think,https://www.youtube.com/watch?v=VIAoWB1zcSY,,,,,,,
Tear,https://www.youtube.com/watch?v=BYt-OraBrv0,,,,,,,
Swing,https://www.youtube.com/watch?v=tOP1M422LRs,,,,,,,
Stand,https://www.youtube.com/watch?v=qGTaZyTQKLs,,,,,,,
Run,https://www.youtube.com/watch?v=OxtGc8B7nbM,,,,,,,
Rest,https://www.youtube.com/watch?v=IjJcXUxBENo,,,,,,,
Praise,https://www.youtube.com/watch?v=x7Csq_0-YoE,,,,,,,
Practice,https://www.youtube.com/watch?v=BRxdnEDyzlQ,,,,,,,
Namaste,https://www.youtube.com/watch?v=FtvL0IskXh4,,,,,,,
Ignore,https://www.youtube.com/watch?v=HMJc2PXOyZU,,,,,,,
Hide,https://www.youtube.com/watch?v=cxskiidDKB0,,,,,,,
Examine,https://www.youtube.com/watch?v=y1XTnu_Onhw,,,,,,,
Dream,https://www.youtube.com/watch?v=on-bs4yXnDA,,,,,,,
Climb Up,https://www.youtube.com/watch?v=VK0QcXRkC_M,,,,,,,
Climb Down,https://www.youtube.com/watch?v=CsYLa0-GcwY,,,,,,,
Chew,https://www.youtube.com/watch?v=ktcymd_dDeo,,,,,,,
Carry,https://www.youtube.com/watch?v=kKFVljlgyLI,,,,,,,
Cancel,https://www.youtube.com/watch?v=fEN-_1bHDIQ,,,,,,,
Build,https://www.youtube.com/watch?v=JJJLgJel7aY,,,,,,,
Brush,https://www.youtube.com/watch?v=CgeIrnMbWAE,,,,,,,
Break,https://www.youtube.com/watch?v=q-AHoGvaSfU,,,,,,,
Angry,https://www.youtube.com/watch?v=6C8NimjaQiM,,,,,,,
Big,https://www.youtube.com/watch?v=Wi8StfYecTU,,,,,,,
Careful,https://www.youtube.com/watch?v=oqXF2iEQUdQ,,,,,,,
Comfortable,https://www.youtube.com/watch?v=HmAlaX6zp2w,,,,,,,
Coward,https://www.youtube.com/watch?v=0q87GmdvaIw,,,,,,,
Cruel,https://www.youtube.com/watch?v=2CKiT5kM1Xo,,,,,,,
Dangerous,https://www.youtube.com/watch?v=45pStXU84vs,,,,,,,
Dim,https://www.youtube.com/watch?v=J56Zrwn2tsc,,,,,,,
Dirty,https://www.youtube.com/watch?v=xyTLlskQNAI,,,,,,,
Easy,https://www.youtube.com/watch?v=IzhUba0NgdY,,,,,,,
Equal,https://www.youtube.com/watch?v=o9lGRu5smyw,,,,,,,
Fat,https://www.youtube.com/watch?v=mZsVzHJwpck,,,,,,,
Funny,https://www.youtube.com/watch?v=IP5GoNRAwdg,,,,,,,
Hard,https://www.youtube.com/watch?v=l3qj3H_EW74,,,,,,,
Jealous,https://www.youtube.com/watch?v=1Zz-OctDFqM,,,,,,,
Kind,https://www.youtube.com/watch?v=KzMP9lp28Dw,,,,,,,
Long,https://www.youtube.com/watch?v=4dMo3vw2Jlo,,,,,,,
Proud,https://www.youtube.com/watch?v=lu20KLVG_3k,,,,,,,
Small,https://www.youtube.com/watch?v=SaM1XKpOWh8,,,,,,,
Soft,https://www.youtube.com/watch?v=s91vpdL0KTY,,,,,,,
Strong,https://www.youtube.com/watch?v=tNLUC4niw9E,,,,,,,
Tell,https://www.youtube.com/watch?v=cZbn9xO1mk0,,,,,,,
Thin,https://www.youtube.com/watch?v=kBPor6lOvA0,,,,,,,
Weak,https://www.youtube.com/watch?v=u58slIT6daM,,,,,,,
Abstract,https://www.youtube.com/watch?v=I7zzXNFQZw4,,,,,,,
Accessible,https://www.youtube.com/watch?v=kmlNVfMLIsc,,,,,,,
Afraid,https://www.youtube.com/watch?v=Nc62-zO_5uc,,,,,,,
Ancient,https://www.youtube.com/watch?v=44E1tT7lnQY,,,,,,,
Beautiful,https://www.youtube.com/watch?v=f7T8K3RdcUQ,,,,,,,
Better,https://www.youtube.com/watch?v=u6lgQXrMHbg,,,,,,,
Broken,https://www.youtube.com/watch?v=NFQgxaHqd1g,,,,,,,
Cheap,https://www.youtube.com/watch?v=xDrgIGo-ZjA,,,,,,,
Cute,https://www.youtube.com/watch?v=XjTlk46IyYk,,,,,,,
Delicious,https://www.youtube.com/watch?v=CkFqixHZldk,,,,,,,
Easy,https://www.youtube.com/watch?v=iN3hcSVX0es,,,,,,,
Excited,https://www.youtube.com/watch?v=81uuxdQEF9c,,,,,,,
Expensive,https://www.youtube.com/watch?v=IriUvWI00Uk,,,,,,,
Handsome,https://www.youtube.com/watch?v=Sw8PA3Vv7h8,,,,,,,
Hardworking,https://www.youtube.com/watch?v=51PtgtceiBU,,,,,,,
Important,https://www.youtube.com/watch?v=kHCrjPMPu14,,,,,,,
Intelligent,https://www.youtube.com/watch?v=uNO5PT-zbH8,,,,,,,
Natural,https://www.youtube.com/watch?v=_uzm4G-uez8,,,,,,,
New,https://www.youtube.com/watch?v=DB-VLmQ0VfY,,,,,,,
Polite,https://www.youtube.com/watch?v=u2wn3RwrDQg,,,,,,,
Poor,https://www.youtube.com/watch?v=MhhasTacbx8,,,,,,,
Powerful,https://www.youtube.com/watch?v=3LrIxGWlA8Y,,,,,,,
Proud,https://www.youtube.com/watch?v=U2HfvKPOfe8,,,,,,,
Rich,https://www.youtube.com/watch?v=rMx2uXiKs8Y,,,,,,,
Smart,https://www.youtube.com/watch?v=VzD2I1POLbU,,,,,,,
Tall,https://www.youtube.com/watch?v=SjA14jXFBcU,,,,,,,
Special,https://www.youtube.com/watch?v=xUojsz1KUbY,,,,,,,
Soft,https://www.youtube.com/watch?v=hd--4EvjYhU,,,,,,,
Confident,https://www.youtube.com/watch?v=SI6RRqAa2Eo,,,,,,,
please,https://www.youtube.com/watch?v=5MeGjQx2Ueo&list=PLbP8GJBZGz6khU8-gfRuE8PUjlF77NK8M&index=10,,,,,,,
sorry,https://www.youtube.com/watch?v=RQ9YIUy1fAU&list=PLbP8GJBZGz6khU8-gfRuE8PUjlF77NK8M&index=11,,,,,,,
thank you,https://www.youtube.com/watch?v=pppYaxq1PSw&list=PLbP8GJBZGz6khU8-gfRuE8PUjlF77NK8M&index=12,,,,,,,
welcome,https://www.youtube.com/watch?v=Ld7jhx0eTkQ&list=PLbP8GJBZGz6khU8-gfRuE8PUjlF77NK8M&index=13,,,,,,,
Therefore,https://www.youtube.com/watch?v=FPhACnSXLQM,,,,,,,
Really,https://www.youtube.com/watch?v=9JHPlNZgB4g,,,,,,,
Partly,https://www.youtube.com/watch?v=tzp_3bZM788,,,,,,,
Often,https://www.youtube.com/watch?v=UPe2hP1UbZ8,,,,,,,
Never,https://www.youtube.com/watch?v=pTj73Wr2UZg,,,,,,,
Majorly,https://www.youtube.com/watch?v=bdWrjxMNYPE,,,,,,,
Frankly,https://www.youtube.com/watch?v=DApUuN-xWpc,,,,,,,
Clearly,https://www.youtube.com/watch?v=HzYZgwhGm6Y,,,,,,,
Already,https://www.youtube.com/watch?v=gEF6rZyyKDE,,,,,,,
Above,https://www.youtube.com/watch?v=_ev7DP1ZMwg,,,,,,,
After,https://www.youtube.com/watch?v=q9gKYoiWgNA,,,,,,,
Ahead,https://www.youtube.com/watch?v=XTx29-GQPTQ,,,,,,,
Another,https://www.youtube.com/watch?v=vlQSefhj5_Q,,,,,,,
Around,https://www.youtube.com/watch?v=X-9KE7zBROQ,,,,,,,
Before,https://www.youtube.com/watch?v=CLKCiuse_SQ,,,,,,,
Behind,https://www.youtube.com/watch?v=X101QbdNxnA,,,,,,,
Below,https://www.youtube.com/watch?v=fM5kYBOenFk,,,,,,,
Besides,https://www.youtube.com/watch?v=iO4oK3swUf4,,,,,,,
Between,https://www.youtube.com/watch?v=EGh89mEEWY4,,,,,,,
In,https://www.youtube.com/watch?v=8ajV_zRkzIg,,,,,,,
Near,https://www.youtube.com/watch?v=ra5DTYtSLCM,,,,,,,
On,https://www.youtube.com/watch?v=Z9J8fKAp6os,,,,,,,
Out,https://www.youtube.com/watch?v=qDtqkjfOP5w,,,,,,,
Together,https://www.youtube.com/watch?v=V7ys13ynzjk,,,,,,,
Under,https://www.youtube.com/watch?v=yZ_eTKPrNo8,,,,,,,
With,https://www.youtube.com/watch?v=yy1aOanS3HM,,,,,,,
Within,https://www.youtube.com/watch?v=ky6uYvj8NHw,,,,,,,
From,https://www.youtube.com/watch?v=HitOdwNzDBU,,,,,,,
Day: Monday,https://www.youtube.com/watch?v=ZemKQyrsbQg,,,,,,,
Day: Tuesday,https://www.youtube.com/watch?v=v9f54Yr_aZc,,,,,,,
Day: Wednesday,https://www.youtube.com/watch?v=rBSsNQL8wII,,,,,,,
Day: Thursday,https://www.youtube.com/watch?v=3xSAuZdhQEg,,,,,,,
Day: Friday,https://www.youtube.com/watch?v=4_6DUhaj--k,,,,,,,
Day: Saturday,https://www.youtube.com/watch?v=fZKkhYFf4Ao,,,,,,,
Day: Sunday,https://www.youtube.com/watch?v=zUutnxjjNvo,,,,,,,
Fire Extinguisher,https://www.youtube.com/watch?v=5L3Mif7zRuk,,,,,,,
Emergency,https://www.youtube.com/watch?v=qZ3qAAg3NEE,,,,,,,
Exit,https://youtu.be/BI6S4msBIns?si=Eoqw0iEEqjmu8QFe&t=4,,,,,,,
Earthquake,https://www.youtube.com/watch?v=kMx3Wfip_gc,,,,,,,
Doctor,https://www.youtube.com/watch?v=4ClovtJdBis,,,,,,,
Danger,https://www.youtube.com/watch?v=Fzw3ODrOFhU,,,,,,,
Cyclone,https://www.youtube.com/watch?v=XGIcjVAXvJ0,,,,,,,
CPR,https://www.youtube.com/watch?v=hsECSEf_cXM,,,,,,,
Ambulance,https://www.youtube.com/watch?v=tN4Yy7tWGc4,,,,,,,
Accident,https://www.youtube.com/watch?v=VsQCb3cfpsM,,,,,,,
Fire,https://www.youtube.com/watch?v=hhMnMD64B1Y,,,,,,,
Flood,https://www.youtube.com/watch?v=0GGAXcdjef4,,,,,,,
Help,https://www.youtube.com/watch?v=CaWC4P765V8,,,,,,,
Hospital,https://www.youtube.com/watch?v=ntOr5qYyNdE,,,,,,,
Injury,https://www.youtube.com/watch?v=wRDrRxO0qWE,,,,,,,
Pain,https://www.youtube.com/watch?v=349wYxe9-jk,,,,,,,
Police,https://www.youtube.com/watch?v=xE32XnlvX_Y,,,,,,,
Safe,https://www.youtube.com/watch?v=dUyogAYmUOI,,,,,,,
Tsunami,https://www.youtube.com/watch?v=LNu14vZKqm0,,,,,,,
Things,https://www.youtube.com/watch?v=CT9fU8LMOXI,,,,,,,
Bag,https://www.youtube.com/watch?v=BRmxPkdGk4I,,,,,,,
Bike,https://www.youtube.com/watch?v=8263eJIlPwo,,,,,,,
Book,https://www.youtube.com/watch?v=Rs4Ch909k78,,,,,,,
Bottle,https://www.youtube.com/watch?v=UkgMbSENno8,,,,,,,
Whiteboard,https://www.youtube.com/watch?v=2sh6g2eTiHY,,,,,,,
Table,https://www.youtube.com/watch?v=YqK-wzRHUb0,,,,,,,
Sharpener,https://www.youtube.com/watch?v=a113-k5VTws,,,,,,,
Ruler,https://www.youtube.com/watch?v=SJBv-HNSmok,,,,,,,
Projector,https://www.youtube.com/watch?v=HoruRYTnjRI,,,,,,,
Pencil,https://www.youtube.com/watch?v=IQEUEnX5XpA,,,,,,,
Pen,https://www.youtube.com/watch?v=XsyyhewNopA,,,,,,,
Mobile,https://www.youtube.com/watch?v=aBE4c_DVzwc,,,,,,,
Laptop,https://www.youtube.com/watch?v=V7JoTxP7J1E,,,,,,,
Fan,https://www.youtube.com/watch?v=DTyOpqUr628,,,,,,,
Eraser,https://www.youtube.com/watch?v=Fd4Z8sQ2Rrk,,,,,,,
Door,https://www.youtube.com/watch?v=v65n8thxcB4,,,,,,,
Cupboard,https://www.youtube.com/watch?v=h2HRrmM2clg,,,,,,,
Chair,https://www.youtube.com/watch?v=1iqiPtitUhM,,,,,,,
Car,https://www.youtube.com/watch?v=G-_8AioZwgo,,,,,,,
Cap,https://www.youtube.com/watch?v=yayEkuVGxJw,,,,,,,
Why,https://www.youtube.com/watch?v=KGGDwVoBOR0,,,,,,,
Who,https://www.youtube.com/watch?v=5CvRPwClfo8,,,,,,,
Which,https://www.youtube.com/watch?v=HdrjLQ4M52k,,,,,,,
Where,https://www.youtube.com/watch?v=QGdSvVQYVak,,,,,,,
When,https://www.youtube.com/watch?v=r3TvD_yzzDo,,,,,,,
What,https://www.youtube.com/watch?v=7qlVZCY0uzE,,,,,,,
How Many,https://www.youtube.com/watch?v=kr-CtmMg8aU,,,,,,,
Colors,https://www.youtube.com/watch?v=3QI2eQNBuhc,,,,,,,
Black,https://www.youtube.com/watch?v=cmRdWLR4y4M,,,,,,,
Blue,https://www.youtube.com/watch?v=OJ23PDI-2Zo,,,,,,,
Bronze,https://www.youtube.com/watch?v=u0OgWijU2aA,,,,,,,
Brown,https://www.youtube.com/watch?v=_uE86Ee9EB8,,,,,,,
Dark Green,https://www.youtube.com/watch?v=0KtIPIV7SUc,,,,,,,
Dark Pink,https://www.youtube.com/watch?v=1_7LjoUtvZw,,,,,,,
Golden,https://www.youtube.com/watch?v=Fvusu3Au-_U,,,,,,,
Green,https://www.youtube.com/watch?v=fR09a5lUoNg,,,,,,,
Grey,https://www.youtube.com/watch?v=QKqI434baq8,,,,,,,
Indigo,https://www.youtube.com/watch?v=lUvVvwDdcd4,,,,,,,
Light Green,https://www.youtube.com/watch?v=Dt4k5I5JUhE,,,,,,,
Light Pink,https://www.youtube.com/watch?v=47Rs24S_00k,,,,,,,
Orange,https://www.youtube.com/watch?v=8l0UzqvD8Y8,,,,,,,
Pink,https://www.youtube.com/watch?v=hKcCTiG9Ytg,,,,,,,
Purple,https://www.youtube.com/watch?v=7MEWu2T6KLE,,,,,,,
Silver,https://www.youtube.com/watch?v=O32KKrOKOoU,,,,,,,
Sky Blue,https://www.youtube.com/watch?v=qySblf8eYbI,,,,,,,
White,https://www.youtube.com/watch?v=orBf8NrcSAI,,,,,,,
Yellow,https://www.youtube.com/watch?v=R65JBHETfZU,,,,,,,
Red,https://www.youtube.com/watch?v=yXnnjEpYH3s,,,,,,,
Calculator,https://www.youtube.com/watch?v=U02pgwugOu8,,,,,,,
Cardboard,https://www.youtube.com/watch?v=YeEZvIBt_Vs,,,,,,,
Compass,https://www.youtube.com/watch?v=5-PGJJFLFwU,,,,,,,
Correction pen,https://www.youtube.com/watch?v=wHHi8mvxc5M,,,,,,,
Crayons,https://www.youtube.com/watch?v=kNtsbX-28AQ,,,,,,,
Cutter,https://www.youtube.com/watch?v=wWAzUTHK7xo,,,,,,,
Diary,https://www.youtube.com/watch?v=PGPt5yUkkN8,,,,,,,
Divider,https://www.youtube.com/watch?v=4rO7L3tvWvU,,,,,,,
Duster,https://www.youtube.com/watch?v=hsl727XQR4E,,,,,,,
Envelope,https://www.youtube.com/watch?v=Sid1g2X0Fz4,,,,,,,
File,https://www.youtube.com/watch?v=dYqeSVkm74U,,,,,,,
Folder,https://www.youtube.com/watch?v=A5uPXX98Y_s,,,,,,,
Glue,https://www.youtube.com/watch?v=Esua2GiUiJ8,,,,,,,
Highlighter,https://www.youtube.com/watch?v=-x8YdDrEGrY,,,,,,,
Keychain,https://www.youtube.com/watch?v=41mEO-bUrZo,,,,,,,
Marker,https://www.youtube.com/watch?v=5DPCwERT3TE,,,,,,,
Notepad,https://www.youtube.com/watch?v=fYvaGbCDuwc,,,,,,,
Protractor,https://www.youtube.com/watch?v=-XLpjaB1Ulk,,,,,,,
Scissors,https://www.youtube.com/watch?v=Vb5je0Moiy0,,,,,,,
Stickers,https://www.youtube.com/watch?v=lviPg7JxlpQ,,,,,,,
Tape,https://www.youtube.com/watch?v=hJn8M3nB2Ic,,,,,,,
Thermocol,https://www.youtube.com/watch?v=y7hOz0K-mj0,,,,,,,
Stationery,https://www.youtube.com/watch?v=k3UVxRzr7P0,,,,,,,
Calculator,https://www.youtube.com/watch?v=U02pgwugOu8,,,,,,,
Cardboard,https://www.youtube.com/watch?v=YeEZvIBt_Vs,,,,,,,
Compass,https://www.youtube.com/watch?v=5-PGJJFLFwU,,,,,,,
Crayons,https://www.youtube.com/watch?v=kNtsbX-28AQ,,,,,,,
Cutter,https://www.youtube.com/watch?v=wWAzUTHK7xo,,,,,,,
Diary,https://www.youtube.com/watch?v=PGPt5yUkkN8,,,,,,,
Divider,https://www.youtube.com/watch?v=4rO7L3tvWvU,,,,,,,
Duster,https://www.youtube.com/watch?v=hsl727XQR4E,,,,,,,
Envelope,https://www.youtube.com/watch?v=Sid1g2X0Fz4,,,,,,,
File,https://www.youtube.com/watch?v=dYqeSVkm74U,,,,,,,
Folder,https://www.youtube.com/watch?v=A5uPXX98Y_s,,,,,,,
Glue,https://www.youtube.com/watch?v=Esua2GiUiJ8,,,,,,,
Highlighter,https://www.youtube.com/watch?v=-x8YdDrEGrY,,,,,,,
Keychain,https://www.youtube.com/watch?v=41mEO-bUrZo,,,,,,,
Marker,https://www.youtube.com/watch?v=5DPCwERT3TE,,,,,,,
Notepad,https://www.youtube.com/watch?v=fYvaGbCDuwc,,,,,,,
Protractor,https://www.youtube.com/watch?v=-XLpjaB1Ulk,,,,,,,
Scissors,https://www.youtube.com/watch?v=Vb5je0Moiy0,,,,,,,
Stickers,https://www.youtube.com/watch?v=lviPg7JxlpQ,,,,,,,
Tape,https://www.youtube.com/watch?v=hJn8M3nB2Ic,,,,,,,
Thermocol,https://www.youtube.com/watch?v=y7hOz0K-mj0,,,,,,,
Month: January,https://www.youtube.com/watch?v=wt0cx1tmL8Y,,,,,,,
Month: February,https://www.youtube.com/watch?v=qnd2ToQfLq0,,,,,,,
Month: March,https://www.youtube.com/watch?v=eqOzZUMfTgQ,,,,,,,
Month: April,https://www.youtube.com/watch?v=NaR1crk-kzM,,,,,,,
Month: May,https://www.youtube.com/watch?v=saEPspjqYcY,,,,,,,
Month: June,https://www.youtube.com/watch?v=nN3LcXclhrM,,,,,,,
Month: July,https://www.youtube.com/watch?v=TR3L3_O_okU,,,,,,,
Month: August,https://www.youtube.com/watch?v=DXKPR5PWK8g,,,,,,,
Month: September,https://www.youtube.com/watch?v=JuCUIcGT9b0,,,,,,,
Month: October,https://www.youtube.com/watch?v=JYNTPherJHU,,,,,,,
Month: November,https://www.youtube.com/watch?v=rXRudCxEC-0,,,,,,,
Month: December,https://www.youtube.com/watch?v=whIHJ-fd_Kg,,,,,,,
Animals,https://www.youtube.com/watch?v=Z0tlQqdf-II,,,,,,,
Ant,https://www.youtube.com/watch?v=18X1E6qOpGw,,,,,,,
Camel,https://www.youtube.com/watch?v=5FxdSLYEzxY,,,,,,,
Cat,https://www.youtube.com/watch?v=_ljP-UtNHMw,,,,,,,
Cow,https://www.youtube.com/watch?v=OZV4UWmh0Es,,,,,,,
Crocodile,https://www.youtube.com/watch?v=8dUS4n9pBZM,,,,,,,
Deer,https://www.youtube.com/watch?v=lMGNCq9ZrCQ,,,,,,,
Dog,https://www.youtube.com/watch?v=0irkpJlqV64,,,,,,,
Elephant,https://www.youtube.com/watch?v=1bRUE8CAwOw,,,,,,,
Fish,https://www.youtube.com/watch?v=H56__Ht_iHE,,,,,,,
Fox,https://www.youtube.com/watch?v=yyKYzx6qIkk,,,,,,,
Frog,https://www.youtube.com/watch?v=YhDvNVHu9m0,,,,,,,
Giraffe,https://www.youtube.com/watch?v=OAc-lUhY4SQ,,,,,,,
Goat,https://www.youtube.com/watch?v=MyVEYjlEKOY,,,,,,,
Hippopotamus,https://www.youtube.com/watch?v=90pTDMy52T0,,,,,,,
Leopard,https://www.youtube.com/watch?v=kqYFEjqPGwM,,,,,,,
Lion,https://www.youtube.com/watch?v=CHwPxFT0cHI,,,,,,,
Monkey,https://www.youtube.com/watch?v=jFcL688BH4M,,,,,,,
Pig,https://www.youtube.com/watch?v=zCK80nyPduE,,,,,,,
Snake,https://www.youtube.com/watch?v=E4IyjxD5hZQ,,,,,,,
Tiger,https://www.youtube.com/watch?v=Q4sn5KK1ywY,,,,,,,
Tortoise,https://www.youtube.com/watch?v=A8NJM0_IS08,,,,,,,
good, https://www.youtube.com/watch?v=07u8q-t1x7g,,,,,,,